startTime,value,keys,name
2024-04-15T00:00:00Z,1511.0,Biomass,bmrs _report
2024-04-15T00:00:00Z,235.0,Fossil Hard coal,bmrs _report
2024-04-15T00:00:00Z,0.0,Fossil Oil,bmrs _report
2024-04-15T00:00:00Z,0.0,Hydro Pumped Storage,bmrs _report
2024-04-15T00:00:00Z,534.0,Hydro Run-of-river and poundage,bmrs _report
2024-04-15T00:30:00Z,1493.0,Biomass,bmrs _report
2024-04-15T00:30:00Z,229.0,Fossil Hard coal,bmrs _report
2024-04-15T00:30:00Z,0.0,Fossil Oil,bmrs _report
2024-04-15T00:30:00Z,0.0,Hydro Pumped Storage,bmrs _report
2024-04-15T00:30:00Z,505.0,Hydro Run-of-river and poundage,bmrs _report
2024-04-15T01:00:00Z,1542.0,Biomass,bmrs _report
2024-04-15T01:00:00Z,240.0,Fossil Hard coal,bmrs _report
2024-04-15T01:00:00Z,0.0,Fossil Oil,bmrs _report
2024-04-15T01:00:00Z,0.0,Hydro Pumped Storage,bmrs _report
2024-04-15T01:00:00Z,483.0,Hydro Run-of-river and poundage,bmrs _report
2024-04-15T01:30:00Z,1370.0,Biomass,bmrs _report
2024-04-15T01:30:00Z,332.0,Fossil Hard coal,bmrs _report
2024-04-15T01:30:00Z,0.0,Fossil Oil,bmrs _report
2024-04-15T01:30:00Z,0.0,Hydro Pumped Storage,bmrs _report
2024-04-15T01:30:00Z,472.0,Hydro Run-of-river and poundage,bmrs _report
2024-04-15T02:00:00Z,1263.0,Biomass,bmrs _report
2024-04-15T02:00:00Z,285.0,Fossil Hard coal,bmrs _report
2024-04-15T02:00:00Z,0.0,Fossil Oil,bmrs _report
2024-04-15T02:00:00Z,0.0,Hydro Pumped Storage,bmrs _report
2024-04-15T02:00:00Z,470.0,Hydro Run-of-river and poundage,bmrs _report
2024-04-15T02:30:00Z,1344.0,Biomass,bmrs _report
2024-04-15T02:30:00Z,318.0,Fossil Hard coal,bmrs _report
2024-04-15T02:30:00Z,0.0,Fossil Oil,bmrs _report
2024-04-15T02:30:00Z,0.0,Hydro Pumped Storage,bmrs _report
2024-04-15T02:30:00Z,471.0,Hydro Run-of-river and poundage,bmrs _report
2024-04-15T03:00:00Z,1263.0,Biomass,bmrs _report
2024-04-15T03:00:00Z,288.0,Fossil Hard coal,bmrs _report
2024-04-15T03:00:00Z,0.0,Fossil Oil,bmrs _report
2024-04-15T03:00:00Z,0.0,Hydro Pumped Storage,bmrs _report
2024-04-15T03:00:00Z,488.0,Hydro Run-of-river and poundage,bmrs _report
2024-04-15T03:30:00Z,1383.0,Biomass,bmrs _report
2024-04-15T03:30:00Z,239.0,Fossil Hard coal,bmrs _report
2024-04-15T03:30:00Z,0.0,Fossil Oil,bmrs _report
2024-04-15T03:30:00Z,114.0,Hydro Pumped Storage,bmrs _report
2024-04-15T03:30:00Z,505.0,Hydro Run-of-river and poundage,bmrs _report
2024-04-15T04:00:00Z,1356.0,Biomass,bmrs _report
2024-04-15T04:00:00Z,239.0,Fossil Hard coal,bmrs _report
2024-04-15T04:00:00Z,0.0,Fossil Oil,bmrs _report
2024-04-15T04:00:00Z,110.0,Hydro Pumped Storage,bmrs _report
2024-04-15T04:00:00Z,517.0,Hydro Run-of-river and poundage,bmrs _report
2024-04-15T04:30:00Z,1403.0,Biomass,bmrs _report
2024-04-15T04:30:00Z,319.0,Fossil Hard coal,bmrs _report
2024-04-15T04:30:00Z,0.0,Fossil Oil,bmrs _report
2024-04-15T04:30:00Z,110.0,Hydro Pumped Storage,bmrs _report
2024-04-15T04:30:00Z,557.0,Hydro Run-of-river and poundage,bmrs _report
2024-04-15T05:00:00Z,1461.0,Biomass,bmrs _report
2024-04-15T05:00:00Z,233.0,Fossil Hard coal,bmrs _report
2024-04-15T05:00:00Z,0.0,Fossil Oil,bmrs _report
2024-04-15T05:00:00Z,0.0,Hydro Pumped Storage,bmrs _report
2024-04-15T05:00:00Z,547.0,Hydro Run-of-river and poundage,bmrs _report
2024-04-15T05:30:00Z,1545.0,Biomass,bmrs _report
2024-04-15T05:30:00Z,343.0,Fossil Hard coal,bmrs _report
2024-04-15T05:30:00Z,0.0,Fossil Oil,bmrs _report
2024-04-15T05:30:00Z,195.0,Hydro Pumped Storage,bmrs _report
2024-04-15T05:30:00Z,656.0,Hydro Run-of-river and poundage,bmrs _report
2024-04-15T06:00:00Z,1471.0,Biomass,bmrs _report
2024-04-15T06:00:00Z,308.0,Fossil Hard coal,bmrs _report
2024-04-15T06:00:00Z,0.0,Fossil Oil,bmrs _report
2024-04-15T06:00:00Z,894.0,Hydro Pumped Storage,bmrs _report
2024-04-15T06:00:00Z,712.0,Hydro Run-of-river and poundage,bmrs _report
2024-04-15T06:30:00Z,1304.0,Biomass,bmrs _report
2024-04-15T06:30:00Z,232.0,Fossil Hard coal,bmrs _report
2024-04-15T06:30:00Z,0.0,Fossil Oil,bmrs _report
2024-04-15T06:30:00Z,1557.0,Hydro Pumped Storage,bmrs _report
2024-04-15T06:30:00Z,562.0,Hydro Run-of-river and poundage,bmrs _report
2024-04-15T07:00:00Z,1172.0,Biomass,bmrs _report
2024-04-15T07:00:00Z,361.0,Fossil Hard coal,bmrs _report
2024-04-15T07:00:00Z,0.0,Fossil Oil,bmrs _report
2024-04-15T07:00:00Z,1322.0,Hydro Pumped Storage,bmrs _report
2024-04-15T07:00:00Z,561.0,Hydro Run-of-river and poundage,bmrs _report
2024-04-15T07:30:00Z,1165.0,Biomass,bmrs _report
2024-04-15T07:30:00Z,355.0,Fossil Hard coal,bmrs _report
2024-04-15T07:30:00Z,0.0,Fossil Oil,bmrs _report
2024-04-15T07:30:00Z,812.0,Hydro Pumped Storage,bmrs _report
2024-04-15T07:30:00Z,594.0,Hydro Run-of-river and poundage,bmrs _report
2024-04-15T08:00:00Z,1161.0,Biomass,bmrs _report
2024-04-15T08:00:00Z,276.0,Fossil Hard coal,bmrs _report
2024-04-15T08:00:00Z,0.0,Fossil Oil,bmrs _report
2024-04-15T08:00:00Z,1336.0,Hydro Pumped Storage,bmrs _report
2024-04-15T08:00:00Z,692.0,Hydro Run-of-river and poundage,bmrs _report
2024-04-15T08:30:00Z,1166.0,Biomass,bmrs _report
2024-04-15T08:30:00Z,337.0,Fossil Hard coal,bmrs _report
2024-04-15T08:30:00Z,0.0,Fossil Oil,bmrs _report
2024-04-15T08:30:00Z,638.0,Hydro Pumped Storage,bmrs _report
2024-04-15T08:30:00Z,588.0,Hydro Run-of-river and poundage,bmrs _report
2024-04-15T09:00:00Z,1154.0,Biomass,bmrs _report
2024-04-15T09:00:00Z,308.0,Fossil Hard coal,bmrs _report
2024-04-15T09:00:00Z,0.0,Fossil Oil,bmrs _report
2024-04-15T09:00:00Z,638.0,Hydro Pumped Storage,bmrs _report
2024-04-15T09:00:00Z,522.0,Hydro Run-of-river and poundage,bmrs _report
2024-04-15T09:30:00Z,1136.0,Biomass,bmrs _report
2024-04-15T09:30:00Z,249.0,Fossil Hard coal,bmrs _report
2024-04-15T09:30:00Z,0.0,Fossil Oil,bmrs _report
2024-04-15T09:30:00Z,312.0,Hydro Pumped Storage,bmrs _report
2024-04-15T09:30:00Z,516.0,Hydro Run-of-river and poundage,bmrs _report
2024-04-15T10:00:00Z,1147.0,Biomass,bmrs _report
2024-04-15T10:00:00Z,234.0,Fossil Hard coal,bmrs _report
2024-04-15T10:00:00Z,0.0,Fossil Oil,bmrs _report
2024-04-15T10:00:00Z,207.0,Hydro Pumped Storage,bmrs _report
2024-04-15T10:00:00Z,505.0,Hydro Run-of-river and poundage,bmrs _report
2024-04-15T10:30:00Z,1104.0,Biomass,bmrs _report
2024-04-15T10:30:00Z,230.0,Fossil Hard coal,bmrs _report
2024-04-15T10:30:00Z,0.0,Fossil Oil,bmrs _report
2024-04-15T10:30:00Z,0.0,Hydro Pumped Storage,bmrs _report
2024-04-15T10:30:00Z,501.0,Hydro Run-of-river and poundage,bmrs _report
2024-04-15T11:00:00Z,1011.0,Biomass,bmrs _report
2024-04-15T11:00:00Z,240.0,Fossil Hard coal,bmrs _report
2024-04-15T11:00:00Z,0.0,Fossil Oil,bmrs _report
2024-04-15T11:00:00Z,0.0,Hydro Pumped Storage,bmrs _report
2024-04-15T11:00:00Z,507.0,Hydro Run-of-river and poundage,bmrs _report
2024-04-15T11:30:00Z,1034.0,Biomass,bmrs _report
2024-04-15T11:30:00Z,231.0,Fossil Hard coal,bmrs _report
2024-04-15T11:30:00Z,0.0,Fossil Oil,bmrs _report
2024-04-15T11:30:00Z,0.0,Hydro Pumped Storage,bmrs _report
2024-04-15T11:30:00Z,505.0,Hydro Run-of-river and poundage,bmrs _report
2024-04-15T12:00:00Z,878.0,Biomass,bmrs _report
2024-04-15T12:00:00Z,258.0,Fossil Hard coal,bmrs _report
2024-04-15T12:00:00Z,0.0,Fossil Oil,bmrs _report
2024-04-15T12:00:00Z,0.0,Hydro Pumped Storage,bmrs _report
2024-04-15T12:00:00Z,490.0,Hydro Run-of-river and poundage,bmrs _report
2024-04-15T12:30:00Z,844.0,Biomass,bmrs _report
2024-04-15T12:30:00Z,247.0,Fossil Hard coal,bmrs _report
2024-04-15T12:30:00Z,0.0,Fossil Oil,bmrs _report
2024-04-15T12:30:00Z,0.0,Hydro Pumped Storage,bmrs _report
2024-04-15T12:30:00Z,483.0,Hydro Run-of-river and poundage,bmrs _report
2024-04-15T13:00:00Z,865.0,Biomass,bmrs _report
2024-04-15T13:00:00Z,246.0,Fossil Hard coal,bmrs _report
2024-04-15T13:00:00Z,0.0,Fossil Oil,bmrs _report
2024-04-15T13:00:00Z,0.0,Hydro Pumped Storage,bmrs _report
2024-04-15T13:00:00Z,505.0,Hydro Run-of-river and poundage,bmrs _report
2024-04-15T13:30:00Z,913.0,Biomass,bmrs _report
2024-04-15T13:30:00Z,254.0,Fossil Hard coal,bmrs _report
2024-04-15T13:30:00Z,0.0,Fossil Oil,bmrs _report
2024-04-15T13:30:00Z,0.0,Hydro Pumped Storage,bmrs _report
2024-04-15T13:30:00Z,506.0,Hydro Run-of-river and poundage,bmrs _report
2024-04-15T14:00:00Z,1179.0,Biomass,bmrs _report
2024-04-15T14:00:00Z,250.0,Fossil Hard coal,bmrs _report
2024-04-15T14:00:00Z,0.0,Fossil Oil,bmrs _report
2024-04-15T14:00:00Z,0.0,Hydro Pumped Storage,bmrs _report
2024-04-15T14:00:00Z,500.0,Hydro Run-of-river and poundage,bmrs _report
2024-04-15T14:30:00Z,1203.0,Biomass,bmrs _report
2024-04-15T14:30:00Z,238.0,Fossil Hard coal,bmrs _report
2024-04-15T14:30:00Z,0.0,Fossil Oil,bmrs _report
2024-04-15T14:30:00Z,0.0,Hydro Pumped Storage,bmrs _report
2024-04-15T14:30:00Z,617.0,Hydro Run-of-river and poundage,bmrs _report
2024-04-15T15:00:00Z,1199.0,Biomass,bmrs _report
2024-04-15T15:00:00Z,313.0,Fossil Hard coal,bmrs _report
2024-04-15T15:00:00Z,0.0,Fossil Oil,bmrs _report
2024-04-15T15:00:00Z,0.0,Hydro Pumped Storage,bmrs _report
2024-04-15T15:00:00Z,662.0,Hydro Run-of-river and poundage,bmrs _report
2024-04-15T15:30:00Z,1214.0,Biomass,bmrs _report
2024-04-15T15:30:00Z,310.0,Fossil Hard coal,bmrs _report
2024-04-15T15:30:00Z,0.0,Fossil Oil,bmrs _report
2024-04-15T15:30:00Z,9.0,Hydro Pumped Storage,bmrs _report
2024-04-15T15:30:00Z,566.0,Hydro Run-of-river and poundage,bmrs _report
2024-04-15T16:00:00Z,1214.0,Biomass,bmrs _report
2024-04-15T16:00:00Z,309.0,Fossil Hard coal,bmrs _report
2024-04-15T16:00:00Z,0.0,Fossil Oil,bmrs _report
2024-04-15T16:00:00Z,521.0,Hydro Pumped Storage,bmrs _report
2024-04-15T16:00:00Z,614.0,Hydro Run-of-river and poundage,bmrs _report
2024-04-15T16:30:00Z,1217.0,Biomass,bmrs _report
2024-04-15T16:30:00Z,268.0,Fossil Hard coal,bmrs _report
2024-04-15T16:30:00Z,0.0,Fossil Oil,bmrs _report
2024-04-15T16:30:00Z,675.0,Hydro Pumped Storage,bmrs _report
2024-04-15T16:30:00Z,760.0,Hydro Run-of-river and poundage,bmrs _report
2024-04-15T17:00:00Z,1215.0,Biomass,bmrs _report
2024-04-15T17:00:00Z,237.0,Fossil Hard coal,bmrs _report
2024-04-15T17:00:00Z,0.0,Fossil Oil,bmrs _report
2024-04-15T17:00:00Z,940.0,Hydro Pumped Storage,bmrs _report
2024-04-15T17:00:00Z,754.0,Hydro Run-of-river and poundage,bmrs _report
2024-04-15T17:30:00Z,1211.0,Biomass,bmrs _report
2024-04-15T17:30:00Z,336.0,Fossil Hard coal,bmrs _report
2024-04-15T17:30:00Z,0.0,Fossil Oil,bmrs _report
2024-04-15T17:30:00Z,999.0,Hydro Pumped Storage,bmrs _report
2024-04-15T17:30:00Z,656.0,Hydro Run-of-river and poundage,bmrs _report
2024-04-15T18:00:00Z,1222.0,Biomass,bmrs _report
2024-04-15T18:00:00Z,343.0,Fossil Hard coal,bmrs _report
2024-04-15T18:00:00Z,0.0,Fossil Oil,bmrs _report
2024-04-15T18:00:00Z,1099.0,Hydro Pumped Storage,bmrs _report
2024-04-15T18:00:00Z,642.0,Hydro Run-of-river and poundage,bmrs _report
2024-04-15T18:30:00Z,1218.0,Biomass,bmrs _report
2024-04-15T18:30:00Z,448.0,Fossil Hard coal,bmrs _report
2024-04-15T18:30:00Z,0.0,Fossil Oil,bmrs _report
2024-04-15T18:30:00Z,1049.0,Hydro Pumped Storage,bmrs _report
2024-04-15T18:30:00Z,639.0,Hydro Run-of-river and poundage,bmrs _report
2024-04-15T19:00:00Z,1209.0,Biomass,bmrs _report
2024-04-15T19:00:00Z,474.0,Fossil Hard coal,bmrs _report
2024-04-15T19:00:00Z,0.0,Fossil Oil,bmrs _report
2024-04-15T19:00:00Z,1026.0,Hydro Pumped Storage,bmrs _report
2024-04-15T19:00:00Z,653.0,Hydro Run-of-river and poundage,bmrs _report
2024-04-15T19:30:00Z,1213.0,Biomass,bmrs _report
2024-04-15T19:30:00Z,480.0,Fossil Hard coal,bmrs _report
2024-04-15T19:30:00Z,0.0,Fossil Oil,bmrs _report
2024-04-15T19:30:00Z,862.0,Hydro Pumped Storage,bmrs _report
2024-04-15T19:30:00Z,663.0,Hydro Run-of-river and poundage,bmrs _report
2024-04-15T20:00:00Z,1214.0,Biomass,bmrs _report
2024-04-15T20:00:00Z,438.0,Fossil Hard coal,bmrs _report
2024-04-15T20:00:00Z,0.0,Fossil Oil,bmrs _report
2024-04-15T20:00:00Z,1169.0,Hydro Pumped Storage,bmrs _report
2024-04-15T20:00:00Z,664.0,Hydro Run-of-river and poundage,bmrs _report
2024-04-15T20:30:00Z,1211.0,Biomass,bmrs _report
2024-04-15T20:30:00Z,307.0,Fossil Hard coal,bmrs _report
2024-04-15T20:30:00Z,0.0,Fossil Oil,bmrs _report
2024-04-15T20:30:00Z,939.0,Hydro Pumped Storage,bmrs _report
2024-04-15T20:30:00Z,598.0,Hydro Run-of-river and poundage,bmrs _report
2024-04-15T21:00:00Z,1212.0,Biomass,bmrs _report
2024-04-15T21:00:00Z,245.0,Fossil Hard coal,bmrs _report
2024-04-15T21:00:00Z,0.0,Fossil Oil,bmrs _report
2024-04-15T21:00:00Z,624.0,Hydro Pumped Storage,bmrs _report
2024-04-15T21:00:00Z,563.0,Hydro Run-of-river and poundage,bmrs _report
2024-04-15T21:30:00Z,1311.0,Biomass,bmrs _report
2024-04-15T21:30:00Z,277.0,Fossil Hard coal,bmrs _report
2024-04-15T21:30:00Z,0.0,Fossil Oil,bmrs _report
2024-04-15T21:30:00Z,0.0,Hydro Pumped Storage,bmrs _report
2024-04-15T21:30:00Z,538.0,Hydro Run-of-river and poundage,bmrs _report
2024-04-15T22:00:00Z,1502.0,Biomass,bmrs _report
2024-04-15T22:00:00Z,270.0,Fossil Hard coal,bmrs _report
2024-04-15T22:00:00Z,0.0,Fossil Oil,bmrs _report
2024-04-15T22:00:00Z,0.0,Hydro Pumped Storage,bmrs _report
2024-04-15T22:00:00Z,476.0,Hydro Run-of-river and poundage,bmrs _report
2024-04-15T22:30:00Z,1508.0,Biomass,bmrs _report
2024-04-15T22:30:00Z,316.0,Fossil Hard coal,bmrs _report
2024-04-15T22:30:00Z,0.0,Fossil Oil,bmrs _report
2024-04-15T22:30:00Z,253.0,Hydro Pumped Storage,bmrs _report
2024-04-15T22:30:00Z,474.0,Hydro Run-of-river and poundage,bmrs _report
2024-04-15T23:00:00Z,1501.0,Biomass,bmrs _report
2024-04-15T23:00:00Z,228.0,Fossil Hard coal,bmrs _report
2024-04-15T23:00:00Z,0.0,Fossil Oil,bmrs _report
2024-04-15T23:00:00Z,338.0,Hydro Pumped Storage,bmrs _report
2024-04-15T23:00:00Z,473.0,Hydro Run-of-river and poundage,bmrs _report
2024-04-15T23:30:00Z,1502.0,Biomass,bmrs _report
2024-04-15T23:30:00Z,239.0,Fossil Hard coal,bmrs _report
2024-04-15T23:30:00Z,0.0,Fossil Oil,bmrs _report
2024-04-15T23:30:00Z,136.0,Hydro Pumped Storage,bmrs _report
2024-04-15T23:30:00Z,474.0,Hydro Run-of-river and poundage,bmrs _report
2024-04-16T00:00:00Z,1507.0,Biomass,bmrs _report
2024-04-16T00:00:00Z,246.0,Fossil Hard coal,bmrs _report
2024-04-16T00:00:00Z,0.0,Fossil Oil,bmrs _report
2024-04-16T00:00:00Z,3.0,Hydro Pumped Storage,bmrs _report
2024-04-16T00:00:00Z,474.0,Hydro Run-of-river and poundage,bmrs _report
2024-04-16T00:30:00Z,1490.0,Biomass,bmrs _report
2024-04-16T00:30:00Z,229.0,Fossil Hard coal,bmrs _report
2024-04-16T00:30:00Z,0.0,Fossil Oil,bmrs _report
2024-04-16T00:30:00Z,115.0,Hydro Pumped Storage,bmrs _report
2024-04-16T00:30:00Z,473.0,Hydro Run-of-river and poundage,bmrs _report
2024-04-16T01:00:00Z,1510.0,Biomass,bmrs _report
2024-04-16T01:00:00Z,241.0,Fossil Hard coal,bmrs _report
2024-04-16T01:00:00Z,0.0,Fossil Oil,bmrs _report
2024-04-16T01:00:00Z,0.0,Hydro Pumped Storage,bmrs _report
2024-04-16T01:00:00Z,457.0,Hydro Run-of-river and poundage,bmrs _report
2024-04-16T01:30:00Z,1502.0,Biomass,bmrs _report
2024-04-16T01:30:00Z,236.0,Fossil Hard coal,bmrs _report
2024-04-16T01:30:00Z,0.0,Fossil Oil,bmrs _report
2024-04-16T01:30:00Z,0.0,Hydro Pumped Storage,bmrs _report
2024-04-16T01:30:00Z,456.0,Hydro Run-of-river and poundage,bmrs _report
2024-04-16T02:00:00Z,1227.0,Biomass,bmrs _report
2024-04-16T02:00:00Z,249.0,Fossil Hard coal,bmrs _report
2024-04-16T02:00:00Z,0.0,Fossil Oil,bmrs _report
2024-04-16T02:00:00Z,0.0,Hydro Pumped Storage,bmrs _report
2024-04-16T02:00:00Z,456.0,Hydro Run-of-river and poundage,bmrs _report
2024-04-16T02:30:00Z,1179.0,Biomass,bmrs _report
2024-04-16T02:30:00Z,230.0,Fossil Hard coal,bmrs _report
2024-04-16T02:30:00Z,0.0,Fossil Oil,bmrs _report
2024-04-16T02:30:00Z,0.0,Hydro Pumped Storage,bmrs _report
2024-04-16T02:30:00Z,455.0,Hydro Run-of-river and poundage,bmrs _report
2024-04-16T03:00:00Z,1263.0,Biomass,bmrs _report
2024-04-16T03:00:00Z,230.0,Fossil Hard coal,bmrs _report
2024-04-16T03:00:00Z,0.0,Fossil Oil,bmrs _report
2024-04-16T03:00:00Z,0.0,Hydro Pumped Storage,bmrs _report
2024-04-16T03:00:00Z,467.0,Hydro Run-of-river and poundage,bmrs _report
2024-04-16T03:30:00Z,1474.0,Biomass,bmrs _report
2024-04-16T03:30:00Z,231.0,Fossil Hard coal,bmrs _report
2024-04-16T03:30:00Z,0.0,Fossil Oil,bmrs _report
2024-04-16T03:30:00Z,0.0,Hydro Pumped Storage,bmrs _report
2024-04-16T03:30:00Z,466.0,Hydro Run-of-river and poundage,bmrs _report
2024-04-16T04:00:00Z,1501.0,Biomass,bmrs _report
2024-04-16T04:00:00Z,229.0,Fossil Hard coal,bmrs _report
2024-04-16T04:00:00Z,0.0,Fossil Oil,bmrs _report
2024-04-16T04:00:00Z,0.0,Hydro Pumped Storage,bmrs _report
2024-04-16T04:00:00Z,479.0,Hydro Run-of-river and poundage,bmrs _report
2024-04-16T04:30:00Z,1402.0,Biomass,bmrs _report
2024-04-16T04:30:00Z,239.0,Fossil Hard coal,bmrs _report
2024-04-16T04:30:00Z,0.0,Fossil Oil,bmrs _report
2024-04-16T04:30:00Z,0.0,Hydro Pumped Storage,bmrs _report
2024-04-16T04:30:00Z,477.0,Hydro Run-of-river and poundage,bmrs _report
2024-04-16T05:00:00Z,1386.0,Biomass,bmrs _report
2024-04-16T05:00:00Z,233.0,Fossil Hard coal,bmrs _report
2024-04-16T05:00:00Z,0.0,Fossil Oil,bmrs _report
2024-04-16T05:00:00Z,0.0,Hydro Pumped Storage,bmrs _report
2024-04-16T05:00:00Z,505.0,Hydro Run-of-river and poundage,bmrs _report
2024-04-16T05:30:00Z,1595.0,Biomass,bmrs _report
2024-04-16T05:30:00Z,240.0,Fossil Hard coal,bmrs _report
2024-04-16T05:30:00Z,0.0,Fossil Oil,bmrs _report
2024-04-16T05:30:00Z,0.0,Hydro Pumped Storage,bmrs _report
2024-04-16T05:30:00Z,505.0,Hydro Run-of-river and poundage,bmrs _report
2024-04-16T06:00:00Z,2324.0,Biomass,bmrs _report
2024-04-16T06:00:00Z,256.0,Fossil Hard coal,bmrs _report
2024-04-16T06:00:00Z,0.0,Fossil Oil,bmrs _report
2024-04-16T06:00:00Z,293.0,Hydro Pumped Storage,bmrs _report
2024-04-16T06:00:00Z,491.0,Hydro Run-of-river and poundage,bmrs _report
2024-04-16T06:30:00Z,2583.0,Biomass,bmrs _report
2024-04-16T06:30:00Z,256.0,Fossil Hard coal,bmrs _report
2024-04-16T06:30:00Z,0.0,Fossil Oil,bmrs _report
2024-04-16T06:30:00Z,830.0,Hydro Pumped Storage,bmrs _report
2024-04-16T06:30:00Z,623.0,Hydro Run-of-river and poundage,bmrs _report
2024-04-16T07:00:00Z,2651.0,Biomass,bmrs _report
2024-04-16T07:00:00Z,0.0,Fossil Hard coal,bmrs _report
2024-04-16T07:00:00Z,0.0,Fossil Oil,bmrs _report
2024-04-16T07:00:00Z,1218.0,Hydro Pumped Storage,bmrs _report
2024-04-16T07:00:00Z,667.0,Hydro Run-of-river and poundage,bmrs _report
2024-04-16T07:30:00Z,2853.0,Biomass,bmrs _report
2024-04-16T07:30:00Z,0.0,Fossil Hard coal,bmrs _report
2024-04-16T07:30:00Z,0.0,Fossil Oil,bmrs _report
2024-04-16T07:30:00Z,935.0,Hydro Pumped Storage,bmrs _report
2024-04-16T07:30:00Z,645.0,Hydro Run-of-river and poundage,bmrs _report
2024-04-16T08:00:00Z,3103.0,Biomass,bmrs _report
2024-04-16T08:00:00Z,0.0,Fossil Hard coal,bmrs _report
2024-04-16T08:00:00Z,0.0,Fossil Oil,bmrs _report
2024-04-16T08:00:00Z,460.0,Hydro Pumped Storage,bmrs _report
2024-04-16T08:00:00Z,489.0,Hydro Run-of-river and poundage,bmrs _report
2024-04-16T08:30:00Z,3203.0,Biomass,bmrs _report
2024-04-16T08:30:00Z,0.0,Fossil Hard coal,bmrs _report
2024-04-16T08:30:00Z,0.0,Fossil Oil,bmrs _report
2024-04-16T08:30:00Z,269.0,Hydro Pumped Storage,bmrs _report
2024-04-16T08:30:00Z,465.0,Hydro Run-of-river and poundage,bmrs _report
2024-04-16T09:00:00Z,3200.0,Biomass,bmrs _report
2024-04-16T09:00:00Z,0.0,Fossil Hard coal,bmrs _report
2024-04-16T09:00:00Z,0.0,Fossil Oil,bmrs _report
2024-04-16T09:00:00Z,318.0,Hydro Pumped Storage,bmrs _report
2024-04-16T09:00:00Z,429.0,Hydro Run-of-river and poundage,bmrs _report
2024-04-16T09:30:00Z,3121.0,Biomass,bmrs _report
2024-04-16T09:30:00Z,0.0,Fossil Hard coal,bmrs _report
2024-04-16T09:30:00Z,0.0,Fossil Oil,bmrs _report
2024-04-16T09:30:00Z,213.0,Hydro Pumped Storage,bmrs _report
2024-04-16T09:30:00Z,582.0,Hydro Run-of-river and poundage,bmrs _report
2024-04-16T10:00:00Z,3116.0,Biomass,bmrs _report
2024-04-16T10:00:00Z,0.0,Fossil Hard coal,bmrs _report
2024-04-16T10:00:00Z,0.0,Fossil Oil,bmrs _report
2024-04-16T10:00:00Z,202.0,Hydro Pumped Storage,bmrs _report
2024-04-16T10:00:00Z,516.0,Hydro Run-of-river and poundage,bmrs _report
2024-04-16T10:30:00Z,3092.0,Biomass,bmrs _report
2024-04-16T10:30:00Z,0.0,Fossil Hard coal,bmrs _report
2024-04-16T10:30:00Z,0.0,Fossil Oil,bmrs _report
2024-04-16T10:30:00Z,537.0,Hydro Pumped Storage,bmrs _report
2024-04-16T10:30:00Z,548.0,Hydro Run-of-river and poundage,bmrs _report
2024-04-16T11:00:00Z,3117.0,Biomass,bmrs _report
2024-04-16T11:00:00Z,0.0,Fossil Hard coal,bmrs _report
2024-04-16T11:00:00Z,0.0,Fossil Oil,bmrs _report
2024-04-16T11:00:00Z,247.0,Hydro Pumped Storage,bmrs _report
2024-04-16T11:00:00Z,524.0,Hydro Run-of-river and poundage,bmrs _report
2024-04-16T11:30:00Z,3064.0,Biomass,bmrs _report
2024-04-16T11:30:00Z,0.0,Fossil Hard coal,bmrs _report
2024-04-16T11:30:00Z,0.0,Fossil Oil,bmrs _report
2024-04-16T11:30:00Z,311.0,Hydro Pumped Storage,bmrs _report
2024-04-16T11:30:00Z,609.0,Hydro Run-of-river and poundage,bmrs _report
2024-04-16T12:00:00Z,3095.0,Biomass,bmrs _report
2024-04-16T12:00:00Z,0.0,Fossil Hard coal,bmrs _report
2024-04-16T12:00:00Z,0.0,Fossil Oil,bmrs _report
2024-04-16T12:00:00Z,417.0,Hydro Pumped Storage,bmrs _report
2024-04-16T12:00:00Z,657.0,Hydro Run-of-river and poundage,bmrs _report
2024-04-16T12:30:00Z,3027.0,Biomass,bmrs _report
2024-04-16T12:30:00Z,0.0,Fossil Hard coal,bmrs _report
2024-04-16T12:30:00Z,0.0,Fossil Oil,bmrs _report
2024-04-16T12:30:00Z,456.0,Hydro Pumped Storage,bmrs _report
2024-04-16T12:30:00Z,546.0,Hydro Run-of-river and poundage,bmrs _report
2024-04-16T13:00:00Z,2735.0,Biomass,bmrs _report
2024-04-16T13:00:00Z,0.0,Fossil Hard coal,bmrs _report
2024-04-16T13:00:00Z,0.0,Fossil Oil,bmrs _report
2024-04-16T13:00:00Z,220.0,Hydro Pumped Storage,bmrs _report
2024-04-16T13:00:00Z,463.0,Hydro Run-of-river and poundage,bmrs _report
2024-04-16T13:30:00Z,2382.0,Biomass,bmrs _report
2024-04-16T13:30:00Z,0.0,Fossil Hard coal,bmrs _report
2024-04-16T13:30:00Z,0.0,Fossil Oil,bmrs _report
2024-04-16T13:30:00Z,177.0,Hydro Pumped Storage,bmrs _report
2024-04-16T13:30:00Z,562.0,Hydro Run-of-river and poundage,bmrs _report
2024-04-16T14:00:00Z,1849.0,Biomass,bmrs _report
2024-04-16T14:00:00Z,0.0,Fossil Hard coal,bmrs _report
2024-04-16T14:00:00Z,0.0,Fossil Oil,bmrs _report
2024-04-16T14:00:00Z,0.0,Hydro Pumped Storage,bmrs _report
2024-04-16T14:00:00Z,628.0,Hydro Run-of-river and poundage,bmrs _report
2024-04-16T14:30:00Z,1840.0,Biomass,bmrs _report
2024-04-16T14:30:00Z,0.0,Fossil Hard coal,bmrs _report
2024-04-16T14:30:00Z,0.0,Fossil Oil,bmrs _report
2024-04-16T14:30:00Z,0.0,Hydro Pumped Storage,bmrs _report
2024-04-16T14:30:00Z,587.0,Hydro Run-of-river and poundage,bmrs _report
2024-04-16T15:00:00Z,2274.0,Biomass,bmrs _report
2024-04-16T15:00:00Z,0.0,Fossil Hard coal,bmrs _report
2024-04-16T15:00:00Z,0.0,Fossil Oil,bmrs _report
2024-04-16T15:00:00Z,0.0,Hydro Pumped Storage,bmrs _report
2024-04-16T15:00:00Z,545.0,Hydro Run-of-river and poundage,bmrs _report
2024-04-16T15:30:00Z,2174.0,Biomass,bmrs _report
2024-04-16T15:30:00Z,0.0,Fossil Hard coal,bmrs _report
2024-04-16T15:30:00Z,0.0,Fossil Oil,bmrs _report
2024-04-16T15:30:00Z,0.0,Hydro Pumped Storage,bmrs _report
2024-04-16T15:30:00Z,515.0,Hydro Run-of-river and poundage,bmrs _report
2024-04-16T16:00:00Z,2308.0,Biomass,bmrs _report
2024-04-16T16:00:00Z,66.0,Fossil Hard coal,bmrs _report
2024-04-16T16:00:00Z,0.0,Fossil Oil,bmrs _report
2024-04-16T16:00:00Z,0.0,Hydro Pumped Storage,bmrs _report
2024-04-16T16:00:00Z,559.0,Hydro Run-of-river and poundage,bmrs _report
2024-04-16T16:30:00Z,3030.0,Biomass,bmrs _report
2024-04-16T16:30:00Z,230.0,Fossil Hard coal,bmrs _report
2024-04-16T16:30:00Z,0.0,Fossil Oil,bmrs _report
2024-04-16T16:30:00Z,120.0,Hydro Pumped Storage,bmrs _report
2024-04-16T16:30:00Z,566.0,Hydro Run-of-river and poundage,bmrs _report
2024-04-16T17:00:00Z,3167.0,Biomass,bmrs _report
2024-04-16T17:00:00Z,231.0,Fossil Hard coal,bmrs _report
2024-04-16T17:00:00Z,0.0,Fossil Oil,bmrs _report
2024-04-16T17:00:00Z,386.0,Hydro Pumped Storage,bmrs _report
2024-04-16T17:00:00Z,615.0,Hydro Run-of-river and poundage,bmrs _report
2024-04-16T17:30:00Z,3165.0,Biomass,bmrs _report
2024-04-16T17:30:00Z,331.0,Fossil Hard coal,bmrs _report
2024-04-16T17:30:00Z,0.0,Fossil Oil,bmrs _report
2024-04-16T17:30:00Z,505.0,Hydro Pumped Storage,bmrs _report
2024-04-16T17:30:00Z,642.0,Hydro Run-of-river and poundage,bmrs _report
2024-04-16T18:00:00Z,3182.0,Biomass,bmrs _report
2024-04-16T18:00:00Z,480.0,Fossil Hard coal,bmrs _report
2024-04-16T18:00:00Z,0.0,Fossil Oil,bmrs _report
2024-04-16T18:00:00Z,374.0,Hydro Pumped Storage,bmrs _report
2024-04-16T18:00:00Z,643.0,Hydro Run-of-river and poundage,bmrs _report
2024-04-16T18:30:00Z,3177.0,Biomass,bmrs _report
2024-04-16T18:30:00Z,474.0,Fossil Hard coal,bmrs _report
2024-04-16T18:30:00Z,0.0,Fossil Oil,bmrs _report
2024-04-16T18:30:00Z,576.0,Hydro Pumped Storage,bmrs _report
2024-04-16T18:30:00Z,633.0,Hydro Run-of-river and poundage,bmrs _report
2024-04-16T19:00:00Z,3009.0,Biomass,bmrs _report
2024-04-16T19:00:00Z,478.0,Fossil Hard coal,bmrs _report
2024-04-16T19:00:00Z,0.0,Fossil Oil,bmrs _report
2024-04-16T19:00:00Z,1049.0,Hydro Pumped Storage,bmrs _report
2024-04-16T19:00:00Z,794.0,Hydro Run-of-river and poundage,bmrs _report
2024-04-16T19:30:00Z,2520.0,Biomass,bmrs _report
2024-04-16T19:30:00Z,478.0,Fossil Hard coal,bmrs _report
2024-04-16T19:30:00Z,0.0,Fossil Oil,bmrs _report
2024-04-16T19:30:00Z,675.0,Hydro Pumped Storage,bmrs _report
2024-04-16T19:30:00Z,790.0,Hydro Run-of-river and poundage,bmrs _report
2024-04-16T20:00:00Z,2518.0,Biomass,bmrs _report
2024-04-16T20:00:00Z,477.0,Fossil Hard coal,bmrs _report
2024-04-16T20:00:00Z,0.0,Fossil Oil,bmrs _report
2024-04-16T20:00:00Z,895.0,Hydro Pumped Storage,bmrs _report
2024-04-16T20:00:00Z,785.0,Hydro Run-of-river and poundage,bmrs _report
2024-04-16T20:30:00Z,2911.0,Biomass,bmrs _report
2024-04-16T20:30:00Z,477.0,Fossil Hard coal,bmrs _report
2024-04-16T20:30:00Z,0.0,Fossil Oil,bmrs _report
2024-04-16T20:30:00Z,1291.0,Hydro Pumped Storage,bmrs _report
2024-04-16T20:30:00Z,766.0,Hydro Run-of-river and poundage,bmrs _report
2024-04-16T21:00:00Z,3128.0,Biomass,bmrs _report
2024-04-16T21:00:00Z,474.0,Fossil Hard coal,bmrs _report
2024-04-16T21:00:00Z,0.0,Fossil Oil,bmrs _report
2024-04-16T21:00:00Z,1263.0,Hydro Pumped Storage,bmrs _report
2024-04-16T21:00:00Z,750.0,Hydro Run-of-river and poundage,bmrs _report
2024-04-16T21:30:00Z,3128.0,Biomass,bmrs _report
2024-04-16T21:30:00Z,481.0,Fossil Hard coal,bmrs _report
2024-04-16T21:30:00Z,0.0,Fossil Oil,bmrs _report
2024-04-16T21:30:00Z,602.0,Hydro Pumped Storage,bmrs _report
2024-04-16T21:30:00Z,746.0,Hydro Run-of-river and poundage,bmrs _report
2024-04-16T22:00:00Z,3158.0,Biomass,bmrs _report
2024-04-16T22:00:00Z,481.0,Fossil Hard coal,bmrs _report
2024-04-16T22:00:00Z,0.0,Fossil Oil,bmrs _report
2024-04-16T22:00:00Z,826.0,Hydro Pumped Storage,bmrs _report
2024-04-16T22:00:00Z,521.0,Hydro Run-of-river and poundage,bmrs _report
2024-04-16T22:30:00Z,3152.0,Biomass,bmrs _report
2024-04-16T22:30:00Z,475.0,Fossil Hard coal,bmrs _report
2024-04-16T22:30:00Z,0.0,Fossil Oil,bmrs _report
2024-04-16T22:30:00Z,208.0,Hydro Pumped Storage,bmrs _report
2024-04-16T22:30:00Z,506.0,Hydro Run-of-river and poundage,bmrs _report
2024-04-16T23:00:00Z,3151.0,Biomass,bmrs _report
2024-04-16T23:00:00Z,478.0,Fossil Hard coal,bmrs _report
2024-04-16T23:00:00Z,0.0,Fossil Oil,bmrs _report
2024-04-16T23:00:00Z,0.0,Hydro Pumped Storage,bmrs _report
2024-04-16T23:00:00Z,596.0,Hydro Run-of-river and poundage,bmrs _report
2024-04-16T23:30:00Z,3153.0,Biomass,bmrs _report
2024-04-16T23:30:00Z,480.0,Fossil Hard coal,bmrs _report
2024-04-16T23:30:00Z,0.0,Fossil Oil,bmrs _report
2024-04-16T23:30:00Z,0.0,Hydro Pumped Storage,bmrs _report
2024-04-16T23:30:00Z,610.0,Hydro Run-of-river and poundage,bmrs _report
2024-04-17T00:00:00Z,3102.0,Biomass,bmrs _report
2024-04-17T00:00:00Z,432.0,Fossil Hard coal,bmrs _report
2024-04-17T00:00:00Z,0.0,Fossil Oil,bmrs _report
2024-04-17T00:00:00Z,0.0,Hydro Pumped Storage,bmrs _report
2024-04-17T00:00:00Z,459.0,Hydro Run-of-river and poundage,bmrs _report
